จังหวัด,เขต,อำเภอ,ตำบล,จํานวนหน่วย,ผู้มีสิทธิ,มาใช้สิทธิ,บัตรใช้ไป,บัตรดี,บัตรเสีย,บัตรไม่เลือก,1. พรรคคล้ายธรรม,2. พรรคโอกาสใหม่,3. พรรคภูมิใจไทย,4. พรรคเพื่อไทย,5. พรรคไทยก้าวใหม่,6. พรรคเศรษฐกิจ,7. พรรคประชาธิปัตย์,8. พรรคประชาชน,9. พรรครวมไทยสร้างชาติ
ลำปาง,1,,,3,1120,1120,1880,2027,19,234,35,30,124,198,23,26,63,1498,30
ลำปาง,1,............,นางลตร,1,342,236,236,202,12,22,6,2,14,54,6,10,5,97,4
ลำปาง,1,กำจัดรถ,เมืองฯ,1,520,347,347,347,19,144,8,38,20,94,2,5,5,156,19
ลำปาง,1,กำแพงเพชร,66043,1,400,339,339,301,17,21,3,25,16,126,2,5,5,103,16
ลำปาง,1,กำแพงเพชร,ปอดดาล,1,640,473,473,405,22,48,23,6,35,125,9,16,21,160,10
ลำปาง,1,กำแพงเพชร,เมืองฯ,1,496,379,345,351,23,97,2,45,4,154,10,9,2,113,12
ลำปาง,1,กำแพงเมือง,เมืองกำแพงเพชร,1,100,0,76,76,1,20,0,2,5,46,0,3,1,16,3
ลำปาง,1,ขำฉ้อครู,ปะนาเถา,1,460,336,336,277,32,27,4,21,12,97,7,6,4,110,16
ลำปาง,1,ค่างฉัตร,เมืองยาว,1,473,313,313,271,21,21,5,16,4,126,1,1,5,104,9
ลำปาง,1,ช้างเผือก,6409,1,376,273,259,230,17,12,8,8,16,85,3,11,8,83,8
ลำปาง,1,ซังฮัตร,เชียงตาล,1,40,260,260,230,176,14,6,27,12,53,6,5,4,110,7
ลำปาง,1,ซำจักร,เมืองยาง,1,409,373,333,304,9,20,6,40,3,108,4,3,5,118,17
ลำปาง,1,ถาวรวิทยา,เวียงตาล,1,420,327,327,276,20,31,7,24,17,78,3,12,4,115,16
ลำปาง,1,ทางเข้า การ,เมืองตาล,1,500,700,300,305,200,200,9,18,30,20,3,47,4,112,10
ลำปาง,1,นางจอมุข,เชิงคาว,1,555,347,387,349,19,24,4,34,27,78,10,7,4,154,16
ลำปาง,1,นางจิกร,แม่สิม,1,460,372,372,333,16,23,11,46,20,94,3,6,1,137,19
ลำปาง,1,นางจิตร,ฟองคอก,1,378,301,301,258,19,24,5,29,19,52,2,5,6,123,17
ลำปาง,1,นางฉัตร,นางฉัตร,1,703,489,489,421,22,46,6,13,37,104,11,13,20,194,23
ลำปาง,1,น้ำจืด,เมืองฯ,1,230,170,170,151,7,12,2,46,3,47,1,2,2,42,8
ลำปาง,1,น้ำจุกรา,เมืองฯ,1,374,293,293,261,26,12,12,69,5,87,1,5,2,69,11
ลำปาง,1,น้ำปาปาง,ป่าเปา,1,546,408,408,372,14,22,4,3,23,164,3,4,19,134,18
ลำปาง,1,น้ำผึ้ง,ตำบล/แขวง/เทศบาล 20,1,404,574,574,520,34,24,520,520,520,520,520,520,520,520,520
ลำปาง,1,บางกะปิ,ป้อมเจ้าหลวง,1,573,395,395,343,11,41,10,1,44,58,3,11,23,185,8
ลำปาง,1,บางแค,บางนาดำ,1,70,70,490,424,25,21,424,0,0,0,0,0,0,0,0
ลำปาง,1,ปักธารา,เมืองฯ,1,470,358,358,302,38,18,7,57,6,128,0,2,3,92,7
ลำปาง,1,ปักธิวาเขตรถาง,40,1,37,28,288,267,11,10,7,7,5,114,3,2,3,119,7
ลำปาง,1,ปางจักร,เวียงตาล,1,230,163,163,142,10,11,2,6,8,52,0,2,0,59,13
ลำปาง,1,ฝั่งซ้าย,ม้านป่า,1,23,74,74,74,8,7,3,3,20,36,2,9,7,37,1
ลำปาง,1,ฝางพิมาย,ฝางพิมาย,1,734,493,467,426,25,44,37,13,113,10,18,13,202,4,4
ลำปาง,1,ม่วงฉัตร,ปังยางคก,1,349,256,256,236,6,14,4,39,6,77,0,15,0,0,3
ลำปาง,1,ลำปาง,บางเขน,1,791,401,371,401,41,39,11,16,34,154,4,16,5,230,17
ลำปาง,1,ลำปาง,บ่อแร้งหนองกะลาโอ่เขตเมือง,1,598,398,398,356,6,36,4,0,53,54,8,14,22,185,16
ลำปาง,1,ลำปาง,ศึกษาพิทยากร,1,760,760,760,694,9,54,12,5,26,55,7,16,26,543,7
ลำปาง,1,ลำปาง,สยาม อิชิตุโย,1,413,474,274,238,7,29,8,0,36,54,2,12,19,102,5
ลำปาง,1,ลำปาง,เหรียญดุษฎี,1,88,88,88,68,7,3,12,3,11,21,3,0,4,12,2
ลำปาง,1,สุขใจ,สุขใจ,1,615,420,420,372,14,34,9,4,62,69,8,11,34,162,13
ลำปาง,1,หนองคู,มอญปาก,1,100,400,400,372,372,4,5,1,6,11,3,4,4,337,1
ลำปาง,1,หัวคิด,หนองพลูม,1,378,378,378,341,11,26,10,8,15,107,3,7,18,165,8
ลำปาง,1,หัวจักร,20167,1,375,375,375,328,24,23,8,2,21,162,0,5,7,109,14
ลำปาง,1,หัวมิตร,นำมากล,1,7,263,263,235,15,13,4,26,26,86,1,9,3,71,9
ลำปาง,1,หัวยุทธ,บางจาก,1,504,368,368,337,11,20,5,4,15,121,7,10,8,155,12
ลำปาง,1,หัวหมาก,ปทุมธานี,1,70,50,520,453,30,37,5,99,99,113,67,10,10,196,14
ลำปาง,1,หัวเน็ต,ห้างจิตร,1,760,590,570,502,32,36,14,37,23,110,9,13,16,261,18
ลำปาง,1,หัวเมือง,ห้างค้า,1,0,0,578,522,19,37,0,0,0,0,0,0,0,232,15
ลำปาง,1,หัวเมือง,แม่สิม,1,360,222,222,222,13,19,4,13,5,86,3,3,4,91,13
ลำปาง,1,หัวเมืองฯ,วงศ์แก้ว,1,475,320,320,282,24,14,4,10,17,128,1,5,7,97,13
ลำปาง,1,หัวเมืองฯ,หนองจิตร,1,470,345,345,304,15,26,7,14,31,69,2,10,20,143,8
ลำปาง,1,หัวเมืองฯ,หนองฉัตร,1,285,385,186,165,10,21,155,155,155,155,155,155,155,155,155
ลำปาง,1,หัวเมืองฯ,ห้างฉัตร,1,37,637,637,543,36,58,12,11,38,138,25,18,22,257,22
ลำปาง,1,หัวเมืองฯ,เลียบคลอง,1,470,324,324,267,22,35,0,0,0,0,0,0,0,142,0
ลำปาง,1,หัวเมืองฯ,แม่สัน,1,475,347,347,309,14,24,5,38,10,119,6,6,5,111,9
ลำปาง,1,หัวเม็ด,เมืองฯ,1,560,471,491,389,24,24,11,81,7,107,4,5,11,152,11
ลำปาง,1,หัวเสีย,บางยางคก,1,40,592,592,519,31,42,7,10,60,100,5,39,17,246,35
ลำปาง,1,หัวเสียกรุง,เรียงตลาด,1,350,486,486,422,33,91,12,33,14,115,3,10,11,205,17
ลำปาง,1,หางคู,หนองหล่ม,1,320,262,262,221,10,31,3,9,2,108,1,7,4,74,13
ลำปาง,1,หาดใหญ่,เชิงคาม,1,297,47,494,425,36,206,17,21,22,97,5,9,9,201,24
ลำปาง,1,ห้องพักอาศัย,หนองหล่ม,1,340,265,265,244,3,18,12,3,9,104,4,11,7,86,8
ลำปาง,1,ห้างจักร,หัวลังคตาร,1,469,592,592,516,30,46,13,37,41,103,23,16,13,255,15
ลำปาง,1,ห้างฉกรรจ์,หนองหล่ม,1,706,506,506,466,14,26,466,0,0,0,0,0,0,0,0
ลำปาง,1,ห้างฉัตร,บางเขน,1,503,301,301,329,16,16,5,12,12,148,0,3,7,131,11
ลำปาง,1,ห้างฉัตร,ป.ช.ค.,1,200,156,156,134,7,13,1,6,7,36,3,4,12,57,8
ลำปาง,1,ห้างฉัตร,ปังยมคอก,1,646,518,518,461,25,32,4,104,13,130,3,10,4,177,14
ลำปาง,1,ห้างฉัตร,ปางยางคก,1,467,259,259,240,2,17,1,0,6,9,2,5,2,214,1
ลำปาง,1,ห้างฉัตร,วอแก้ว,1,227,183,183,163,12,7,4,4,19,60,1,1,4,60,10
ลำปาง,1,ห้างฉัตร,หนองหล่ม,2,970,702,712,641,346,29,9,21,72,155,10,25,25,322,22
ลำปาง,1,ห้างฉัตร,ห้างฉัตร,1,270,199,199,164,16,19,2,2,11,54,2,11,5,68,9
ลำปาง,1,ห้างฉัตร,ออแก้ว,2,1046,726,726,642,42,42,17,12,58,264,9,22,10,224,26
ลำปาง,1,ห้างฉัตร,เพลิน,1,270,151,151,136,5,10,3,11,7,68,1,3,0,37,6
ลำปาง,1,ห้างฉัตร,เมืองยาว,2,714,528,528,475,29,24,10,48,8,176,4,13,14,187,15
ลำปาง,1,ห้างฉัตร,เมืองฯ,1,420,329,344,321,10,13,7,78,7,91,1,3,5,117,12
ลำปาง,1,ห้างฉัตร,แม่ลาน,1,70,512,312,512,18,26,13,28,17,134,2,5,6,172,31
ลำปาง,1,ห้างมิตร,ป้อมบางคอก,1,617,443,443,401,15,24,11,11,32,11,6,11,16,194,9
ลำปาง,1,ห้าชนิด,เมืองฮาว,1,43,34,371,328,158,56,35,95,27,105,31,4,4,0,102
ลำปาง,1,ห้ามจักร,หัวหน้าอำเภอ/เขต ห้างฉัตร์,1,654,493,493,410,23,40,6,10,33,109,4,5,23,201,20
ลำปาง,1,ห้ามฉ้อจารย์,หนองหล่ม,1,274,212,212,199,4,7,4,1,13,60,0,7,4,102,9
ลำปาง,1,อำเภอ/เขต,ตำบล/แขวง/เทศบาล,2,826,701,919,839,21,59,10,59,41,299,6,19,24,348,27
ลำปาง,1,อำเภอ/เขต,หมู่ที่ 9,1,443,440,443,394,6,37,9,5,20,107,4,5,19,194,25
ลำปาง,1,อำเภอ/เขต กำจัด,กำจัด,1,309,303,303,276,8,19,276,276,276,276,276,276,276,276,276
ลำปาง,1,อำเภอ/เขต กำแพงเพชร,เมืองฯ,1,240,179,179,180,10,9,80,11,4,67,54,5,4,56,28
ลำปาง,1,อำเภอ/เขต ห้างสรรพสินค้า,ตำบล/แขวง/เทศบาล เมืองฯลฯ,1,47,448,448,415,18,15,8,49,21,143,5,10,8,160,11
ลำปาง,1,อำเภอ/เขต เมือง,ตำบล/แขวง/เทศบาล,2,576,613,613,534,16,63,6,4,73,94,7,21,42,267,20
ลำปาง,1,อำเภอ/เขต เมือง,หมู่ที่ 16,1,727,520,520,474,10,36,8,2,69,78,7,16,25,254,15
ลำปาง,1,อำเภอ/เขต เมืองลำปาง,ตำบล/แขวง/เทศบาล,1,45,45,45,415,2,42,4,3,41,46,8,20,32,241,11
ลำปาง,1,อำเภอ/เขต เมืองลำปาง,ตำบล/แขวง/เทศบาลตัวจริง,1,682,409,478,409,23,45,5,3,46,104,3,21,23,194,10
ลำปาง,1,อำเภอ/เขต เมืองฯ,ตำบล/แขวง/เทอมบาล เลื่อนมา,1,205,250,250,299,6,11,7,36,22,43,2,3,7,99,14
ลำปาง,1,อำเภอ/เขต เมืองฯ,หมู่ที่ 2,1,381,272,272,232,9,31,6,7,13,84,4,10,4,94,10
ลำปาง,1,อ่างทอง,เขตเลือกตั้งที่ 1,1,0,0,760,689,17,54,12,9,44,55,6,7,21,523,12
ลำปาง,1,เขตน้อยลำปลาย,ป้อมเจ้าหลวงกระซ่าเกอ,1,873,616,616,526,25,65,6,4,54,122,5,12,48,256,19
ลำปาง,1,เขตร้อยสามแยก,มูลนายอิมพ,1,434,434,434,387,52,17,21,13,32,166,3,19,6,115,12
ลำปาง,1,เขตลำปาง,เรอดิมอุดม,1,760,760,760,676,10,74,13,11,44,63,9,10,19,499,8
ลำปาง,1,เขตเลือกตั้งที่ 1,ม01163,1,523,369,363,312,7,44,6,1,43,61,3,11,12,162,13
ลำปาง,1,เขตเลือกตั้งที่ 1,สำนักอิ่ม,1,368,255,255,211,16,28,6,8,18,63,4,3,3,101,5
ลำปาง,1,เขตเลือกตั้งที่ 1,เตรียมอุดมศึกษา,1,760,760,760,693,5,63,11,7,38,80,8,12,24,505,7
ลำปาง,1,เขตเลือกตั้งที่ 1,โรงเรียนเตรียมอุดมศึกษา,1,520,520,520,689,10,61,10,9,30,67,10,13,18,523,9
ลำปาง,1,เขตเลือกตั้งที่ 1,โลงเรียนทร์มอญคุณศักดา พิฆนาการฯ,1,446,446,412,412,7,27,6,1,25,30,6,9,12,313,4
ลำปาง,1,เขตเลือกตั้งที่ ๑๑,มูลนายพิชชา,1,372,278,278,248,14,16,10,5,11,91,3,11,8,90,19
ลำปาง,1,เชิงชิต,ป้อมทอง,1,444,365,365,321,23,21,0,21,15,100,4,4,2,141,17
ลำปาง,1,เชิงทะเล,ต้นทอง,1,909,655,655,532,27,96,11,4,67,87,8,13,26,297,16
ลำปาง,1,เชิงทะเล,เชิงทะเล,1,473,303,303,262,9,32,4,4,34,64,6,34,34,114,14
ลำปาง,1,เชิงเขา,มานองช์,1,671,492,492,420,39,33,19,13,58,100,10,19,176,11,420
ลำปาง,1,เชิงเมือง,หัวเวียง,1,500,344,344,259,100,30,259,259,259,259,259,259,259,259,259
ลำปาง,1,เชียง,บ้านเป้า,1,476,342,342,306,10,26,6,2,38,98,4,6,16,125,11
ลำปาง,1,เชียงคำ,เชิงมูล,1,760,686,686,686,11,63,8,9,39,62,4,10,20,524,10
ลำปาง,1,เชียงคิตร,เชียงตาล,1,30,521,521,449,25,40,18,27,23,113,3,10,8,224,22
ลำปาง,1,เชียงดาว,เชียงตาล,1,47,353,353,305,18,30,305,305,305,305,305,305,305,305,305
ลำปาง,1,เชียงราย,สำเนาถ่าย,1,785,113,113,539,34,40,19,22,108,97,4,25,34,211,19
ลำปาง,1,เชียงราย,เชียงตาล,1,47,49,413,367,18,27,9,80,25,57,14,10,11,150,11
ลำปาง,1,เชียงใหม่,เชิงชัย,1,431,431,380,380,35,169,8,17,42,103,10,18,11,151,20
ลำปาง,1,เชียงใหม่,เมืองพัฒนา,1,763,569,564,488,39,37,17,14,403,144,8,40,14,414,14
ลำปาง,1,เชียงใหม่,เวียงเหนือ,1,727,481,481,422,14,45,1,4,7,8,8,4,4,1,4
ลำปาง,1,เชื่อมลำปลา,สำราญ,1,528,356,356,320,8,28,1,3,51,54,3,13,21,170,4
ลำปาง,1,เพิ่ม,ป่าเหลื่อม,1,477,346,346,319,14,13,5,6,22,117,0,10,6,136,17
ลำปาง,1,เพิ่มลำปาง,ป่านคำ,1,359,700,250,231,9,10,0,0,0,0,0,0,0,0,0
ลำปาง,1,เพียง,ฟ้าแลอิม,1,396,463,263,239,15,9,4,4,7,76,26,8,2,98,14
ลำปาง,1,เพื่อ,ทุ่งฝาย,1,411,305,305,271,11,23,1,26,26,79,3,13,7,105,11
ลำปาง,1,เพื่อง,ธมห.,1,664,430,430,367,13,50,0,0,0,0,0,0,0,0,0
ลำปาง,1,เมือง,2043,1,841,551,551,466,17,66,8,6,58,97,9,24,37,210,19
ลำปาง,1,เมือง,704,1,371,216,216,201,4,11,4,2,22,0,0,13,29,94,4
ลำปาง,1,เมือง,คลองสอง,1,21,156,156,124,12,16,5,4,13,35,2,3,2,60,4
ลำปาง,1,เมือง,คันถลชัย,1,731,489,489,416,15,58,7,3,38,65,5,14,25,246,13
ลำปาง,1,เมือง,คันธงชัย,1,415,264,264,210,30,24,10,3,12,66,3,12,8,85,11
ลำปาง,1,เมือง,คันธรชัย,1,707,548,548,443,54,51,22,11,32,124,7,19,34,172,22
ลำปาง,1,เมือง,คูแย้ง,1,538,364,364,332,3,29,16,0,34,48,8,9,25,176,16
ลำปาง,1,เมือง,ชมพู,1,501,334,334,305,10,19,8,1,58,48,6,12,22,140,10
ลำปาง,1,เมือง,ซมท.,1,526,349,349,308,18,21,0,1,58,42,4,20,21,148,5
ลำปาง,1,เมือง,ต้น ธงชัย,1,651,450,450,389,26,35,9,2,33,138,2,13,7,167,18
ลำปาง,1,เมือง,ต้นชัย,1,735,500,500,480,24,56,23,4,66,78,5,18,21,185,20
ลำปาง,1,เมือง,ต้นสูงชัย,1,97,698,698,607,24,67,10,6,80,153,6,18,38,275,21
ลำปาง,1,เมือง,ถนนชัย,1,674,433,433,370,11,52,197,55,50,0,55,15,301,144,12
ลำปาง,1,เมือง,ทุ่งช้าง,1,579,409,409,363,21,35,353,0,0,0,0,0,0,0,0
ลำปาง,1,เมือง,ทุ่งลาย,1,539,406,406,339,339,34,339,339,339,339,339,339,339,339,339
ลำปาง,1,เมือง,ธมพ,1,694,436,436,366,26,44,13,3,76,45,5,17,35,162,10
ลำปาง,1,เมือง,ธมพ.,1,629,403,359,359,90,49,6,2,48,93,6,11,35,161,17
ลำปาง,1,เมือง,ธมฺพ ไทยฯ,1,322,233,233,190,17,26,5,0,31,32,1,9,21,89,2
ลำปาง,1,เมือง,นครลำปาง,2,1098,627,687,603,104,224,8,1,106,97,14,14,77,270,16
ลำปาง,1,เมือง,นิคมพัฒนา,7,1763,1553,1533,1368,70,87,30,16,108,262,6,24,37,344,30
ลำปาง,1,เมือง,น่อแป๋ว,1,172,136,136,122,2,12,1,1,10,25,0,7,5,69,4
ลำปาง,1,เมือง,บุญนาคพิทยา,1,133,107,107,100,3,4,0,2,7,40,1,2,3,43,2
ลำปาง,1,เมือง,บุญหาดฟ้ามนา,1,300,228,228,228,19,17,9,5,32,60,5,9,6,54,12
ลำปาง,1,เมือง,บ่อแล้ง,1,263,182,182,155,54,232,1,0,19,23,6,6,11,82,7
ลำปาง,1,เมือง,บ่อแล้ว,1,630,407,407,353,18,37,17,2,28,41,3,14,20,217,10
ลำปาง,1,เมือง,บ้านเชื่อม,2,434,321,771,855,514,511,11,44,104,173,5,24,26,315,32
ลำปาง,1,เมือง,บ้านเป้า,3,1139,816,816,736,77,43,17,8,81,192,8,27,55,329,18
ลำปาง,1,เมือง,บ้านเอื้อม,3,1226,1138,1138,1018,69,49,21,22,64,298,5,28,38,518,30
ลำปาง,1,เมือง,บ้านเอ็ด,1,437,343,343,291,23,29,291,0,0,0,0,0,0,0,0
ลำปาง,1,เมือง,ปอหยิ่ว,1,459,341,341,299,14,28,0,1,17,111,6,5,3,147,9
ลำปาง,1,เมือง,ปอเรือง,1,479,352,352,314,17,21,4,8,21,98,7,13,14,146,3
ลำปาง,1,เมือง,ปอแล้ว,1,487,345,345,298,16,31,7,3,31,64,6,10,24,138,15
ลำปาง,1,เมือง,ปอแอ๊ก,1,708,507,507,421,27,59,14,2,20,140,8,14,10,198,15
ลำปาง,1,เมือง,ปอแอ๋ว,1,521,415,415,357,20,38,11,7,14,85,5,7,10,206,12
ลำปาง,1,เมือง,ปุณฑาราม,1,427,300,300,270,19,11,4,11,14,87,5,10,5,117,17
ลำปาง,1,เมือง,ป่านาเฒ่า,1,460,347,347,319,13,15,9,4,17,109,6,11,19,139,9
ลำปาง,1,เมือง,ป้อมยานพาหนะ,1,538,402,402,367,13,24,2,2,20,149,8,8,14,150,12
ลำปาง,1,เมือง,พระบาท,10,5028,3265,3265,2854,89,307,65,24,472,527,43,105,248,1366,96
ลำปาง,1,เมือง,พระบาทฯ,1,536,343,343,297,11,35,5,3,46,33,6,15,30,145,14
ลำปาง,1,เมือง,พลเมือง,1,703,480,480,409,27,44,14,7,20,123,4,15,21,180,25
ลำปาง,1,เมือง,พิชัย,1,702,467,467,409,12,46,3,1,65,56,9,18,56,180,21
ลำปาง,1,เมือง,ฟอแฮ่,1,466,278,298,262,7,29,0,0,0,0,0,0,0,0,0
ลำปาง,1,เมือง,ฟางฝาย,1,780,561,561,510,17,3422,15,6,30,225,5,23,20,164,22
ลำปาง,1,เมือง,ฟ้าฮ่า,1,626,412,412,358,28,26,7,13,17,131,9,17,10,142,12
ลำปาง,1,เมือง,ม.ค. 60,1,438,338,338,303,10,25,7,5,26,89,0,10,4,147,15
ลำปาง,1,เมือง,มอแฮ้ง,1,696,443,443,443,28,46,8,5,38,64,5,19,18,202,10
ลำปาง,1,เมือง,มานค่า,1,648,397,397,349,37,11,0,0,0,0,0,0,0,0,0
ลำปาง,1,เมือง,มานตา,1,698,514,514,473,22,19,9,6,19,211,5,7,15,190,11
ลำปาง,1,เมือง,มานายอิ่ม,1,737,489,489,492,22,25,3,9,408,116,5,442,44,215,20
ลำปาง,1,เมือง,มานายเอื้อม,1,381,268,239,239,19,10,8,5,16,112,4,9,10,66,9
ลำปาง,1,เมือง,มาน้ำเมือง,1,307,227,227,196,19,12,4,6,13,101,2,5,9,50,6
ลำปาง,1,เมือง,ม่อแร้ง,1,255,178,178,168,5,5,70,40,60,70,30,30,90,70,40
ลำปาง,1,เมือง,ม้านลิ่ม,1,205,136,136,124,4,8,1,1,7,33,1,3,1,70,7
ลำปาง,1,เมือง,ม้านเข้า,1,192,138,138,120,4,14,5,7,6,30,1,10,4,51,6
ลำปาง,1,เมือง,ม้านเป้า,2,974,735,735,646,28,63,7,13,46,84,1,18,44,231,14
ลำปาง,1,เมือง,สงขลา,1,569,344,344,302,8,34,2,3,55,33,2,10,29,154,14
ลำปาง,1,เมือง,สบค.,1,457,284,284,245,13,26,2,5,38,66,3,5,10,101,15
ลำปาง,1,เมือง,สบุ๋ย,1,345,210,210,178,6,26,9,1,22,30,1,7,11,87,10
ลำปาง,1,เมือง,สมชัย,1,526,344,344,290,8715,39,10,1,46,47,2,10,23,140,11
ลำปาง,1,เมือง,สยชุ่ย,1,450,285,285,257,9,19,3,1,45,43,4,9,36,107,9
ลำปาง,1,เมือง,สวนดอก,4,1232,773,1030,893,37,100,84,63,132,138,34,38,85,300,239
ลำปาง,1,เมือง,สวนสุข,1,62,429,429,369,16,44,11,1,44,66,5,14,31,188,9
ลำปาง,1,เมือง,สามชัย,1,464,323,323,286,19,18,19,2,32,61,40,8,18,136,8
ลำปาง,1,เมือง,สามย่าน,1,519,335,335,282,20,33,3,1,39,47,5,10,39,134,12
ลำปาง,1,เมือง,สามเสนชัย,1,40,60,60,55,10,50,6,1,0,8,4,10,30,30,10
ลำปาง,1,เมือง,สำโรงชัย,1,498,344,344,306,12,26,6,4,33,56,6,15,23,153,10
ลำปาง,1,เมือง,สิบสาม,1,640,473,473,382,13,28,4,2,45,63,5,12,48,187,16
ลำปาง,1,เมือง,สิบเอ็ด,1,346,226,226,198,7,21,3,2,30,21,3,3,20,109,7
ลำปาง,1,เมือง,สุขุมวิทย์,1,378,258,258,258,7,25,11,0,52,34,7,6,21,85,10
ลำปาง,1,เมือง,สุขใจ,1,66,44,445,390,12,43,15,1,45,72,5,14,41,180,17
ลำปาง,1,เมือง,หนองชัย,1,677,455,495,368,31,56,1,2,30,75,90,19,15,10,22
ลำปาง,1,เมือง,หัวเมือง,1,630,478,478,403,33,403,6,4,9,160,12,12,14,173,13
ลำปาง,1,เมือง,หัวเรื่อง,1,303,187,181,159,4,18,5,0,32,26,0,0,10,81,5
ลำปาง,1,เมือง,หัวเวียง,4,1694,1142,1142,1058,13,88,10,24,69,52,8,12,300,681,29
ลำปาง,1,เมือง,หิมพานยา,1,441,293,293,278,14,21,7,10,18,98,9,9,6,90,17
ลำปาง,1,เมือง,ห้องจ่าย,1,469,281,281,259,5,17,2,3,51,34,0,7,28,126,8
ลำปาง,1,เมือง,ห้ามนำ,1,492,298,298,265,11,22,7,2,18,83,0,5,12,128,10
ลำปาง,1,เมือง,เกียวเหนือ,1,406,264,264,220,10,34,6,2,35,45,2,3,27,87,13
ลำปาง,1,เมือง,เขื่องเหนือ,1,358,220,220,200,57,18,0,0,0,0,0,0,0,0,0
ลำปาง,1,เมือง,เขื่อนเหนือ,2,889,734,734,617,47,80,6,3,73,116,10,20,62,335,37
ลำปาง,1,เมือง,เชียงเหนียว,1,374,552,252,216,6,30,8,1,44,24,2,6,18,107,6
ลำปาง,1,เมือง,เชียงใหม่,1,350,352,352,299,15,38,9,2,44,36,7,13,39,134,17
ลำปาง,1,เมือง,เพชร,1,704,456,456,402,10,38,7,2,67,58,3,9,56,199,7
ลำปาง,1,เมือง,เรื่องเหนือ,1,652,416,416,367,8,41,9,4,51,67,14,30,23,164,5
ลำปาง,1,เมือง,เวียงเหนือ,1,446,281,281,245,7,29,0,0,0,0,0,0,0,0,0
ลำปาง,1,เมือง,เอ๋ย,1,676,480,480,429,18,33,7,2,48,128,4,9,19,203,9
ลำปาง,1,เมือง,โนนม่วง,1,205,238,238,218,5,15,6,2,10,72,2,4,7,103,12
ลำปาง,1,เมืองพิมาย,หัวเมือง,1,340,242,242,206,13,23,0,0,0,0,0,0,0,0,0
ลำปาง,1,เมืองลำปาง,30,1,467,463,463,384,84,66,0,0,0,0,0,0,0,0,0
ลำปาง,1,เมืองลำปาง,กำแพง,1,616,427,427,374,17,39,8,7,42,102,3,14,25,161,12
ลำปาง,1,เมืองลำปาง,คลองมิ้ว,1,218,165,165,148,6,13,4,3,16,32,2,6,9,72,4
ลำปาง,1,เมืองลำปาง,คันถังชัย,1,378,275,275,275,5,37,2,3,30,34,1,11,15,132,5
ลำปาง,1,เมืองลำปาง,คันธรชัย,1,631,449,449,377,14,58,5,4,47,63,6,15,31,196,10
ลำปาง,1,เมืองลำปาง,ต้น ธงชัย,1,766,390,590,501,50,39,26,16,69,130,13,17,29,187,14
ลำปาง,1,เมืองลำปาง,ต้นชงชัย,1,572,411,411,356,12,43,2,0,55,59,6,17,34,172,11
ลำปาง,1,เมืองลำปาง,ต้นชัย,1,695,467,467,410,14,43,4,4,61,71,6,13,37,200,14
ลำปาง,1,เมืองลำปาง,ทุ่งบาง,1,529,356,356,308,13,35,12,9,19,103,1,8,6,138,12
ลำปาง,1,เมืองลำปาง,ทุ่งฝาย,1,40,402,402,398,72,26,12,7,22,111,3,13,21,0,19
ลำปาง,1,เมืองลำปาง,ทุ่มฝาย,1,570,423,423,360,37,26,15,8,21,141,5,12,4,133,21
ลำปาง,1,เมืองลำปาง,ทุ่มฟาย,1,320,239,239,202,11,26,0,0,0,0,0,0,0,0,0
ลำปาง,1,เมืองลำปาง,ท่าฝาย,1,393,301,301,260,19,24,13,5,24,90,4,0,8,109,9
ลำปาง,1,เมืองลำปาง,ท่าอิฐ,1,760,760,760,675,9,76,0,0,0,0,0,0,0,0,0
ลำปาง,1,เมืองลำปาง,นครลำปาง,1,320,187,187,167,2,18,2,0,33,24,1,10,32,63,2
ลำปาง,1,เมืองลำปาง,นิคมพัฒนา,3,1016,677,677,603,35,39,19,11,49,258,5,23,19,196,23
ลำปาง,1,เมืองลำปาง,น้ำค่ำ,1,360,259,259,230,23,6,6,2,6,89,2,2,17,101,5
ลำปาง,1,เมืองลำปาง,บ่อแฮ๋ว หนองกะทิม,1,168,134,134,124,3,7,1,1,8,40,5,3,12,49,5
ลำปาง,1,เมืองลำปาง,บ้านค่ำ,1,418,1,273,233,19,21,10,15,20,89,4,4,3,80,8
ลำปาง,1,เมืองลำปาง,บ้านศา,1,722,504,504,448,35,21,14,13,19,143,7,12,15,191,34
ลำปาง,1,เมืองลำปาง,ป้อมซัง,1,329,387,387,340,8,39,10,1,32,99,0,7,22,156,13
ลำปาง,1,เมืองลำปาง,ป้อมยิ้ม,1,238,182,182,168,4,10,5,2,8,35,5,4,6,97,6
ลำปาง,1,เมืองลำปาง,ป้านา,1,731,518,518,461,24,33,24,12,28,156,1,15,21,183,21
ลำปาง,1,เมืองลำปาง,พระบาท,1,641,407,407,370,5,32,5,1,63,56,2,12,30,192,9
ลำปาง,1,เมืองลำปาง,มอแซ็ค,1,730,531,531,464,15,52,0,0,0,0,0,0,0,0,0
ลำปาง,1,เมืองลำปาง,ม่อแก้ว,1,348,277,277,229,10,38,0,0,0,0,0,0,0,0,0
ลำปาง,1,เมืองลำปาง,ยุทธนาพิมพา,1,589,470,410,352,26,32,84,13,48,82,5,20,36,99,15
ลำปาง,1,เมืองลำปาง,สบตุ๋ย,1,65,47,462,381,25,56,20,1,49,42,7,15,26,196,25
ลำปาง,1,เมืองลำปาง,สุขชัย,1,571,372,372,331,6,35,3,0,53,51,1,5,39,167,12
ลำปาง,1,เมืองลำปาง,หนองคาย,1,488,328,328,281,10,132,0,0,0,0,0,0,0,0,0
ลำปาง,1,เมืองลำปาง,หัวเมือง,1,470,297,297,256,9,32,4,1,44,32,5,2,47,154,7
ลำปาง,1,เมืองลำปาง,หัวเมืองอำเภอ/เขต เมืองลำปาง,1,407,250,250,219,11,20,7,1,26,31,1,5,22,115,11
ลำปาง,1,เมืองลำปาง,หัวเวียง,1,452,277,277,245,243,3,1,0,28,44,6,7,27,124,8
ลำปาง,1,เมืองลำปาง,เจียงเหนือ,1,410,290,290,249,21,20,10,1,32,63,4,20,15,99,7
ลำปาง,1,เมืองลำปาง,เจียงเหลือง,1,504,338,338,290,19,29,7,1,49,64,4,13,17,126,9
ลำปาง,1,เมืองลำปาง,เชียงเหนือ,1,317,206,206,182,5,19,8,4,28,48,4,6,13,66,5
ลำปาง,1,เมืองลำปาง,เตรียมมูล,1,760,760,760,682,8,70,10,8,24,53,9,12,20,538,8
ลำปาง,1,เมืองลำปาง,เวียงเหนือ,3,971,631,943,825,36,2103,22,25,148,148,15,18,69,341,27
ลำปาง,1,เมืองล่าง,น้ำเป้า,1,500,362,362,317,15,30,11,4,30,85,5,12,15,147,8
ลำปาง,1,เมืองอำนาจ,ปุณฑิตพิมพา,1,431,274,294,246,21,22,8,7,0,104,1,10,4,86,12
ลำปาง,1,เมืองฯ,คันธรชัย,1,639,454,454,377,25,52,6,2,48,107,2,8,20,193,41
ลำปาง,1,เมืองฯ,ช่องแจ้ง,1,660,479,479,419,10,50,4,3,46,72,3,7,18,257,9
ลำปาง,1,เมืองฯ,ธมฟ,1,559,367,367,302,18,47,0,0,0,0,0,0,0,0,0
ลำปาง,1,เมืองฯ,นครลำปาง,1,364,23,236,196,9,31,6,1,31,34,4,6,21,83,10
ลำปาง,1,เมืองฯ,นิคมพัฒนา,1,239,185,185,173,173,6,6,2,19,61,6,5,13,48,13
ลำปาง,1,เมืองฯ,บ่อแล้ว,1,534,421,421,359,17,43,0,0,0,0,0,0,0,0,0
ลำปาง,1,เมืองฯ,ป้อมเชิง,1,697,495,495,431,13,51,10,11,37,69,2,22,31,239,10
ลำปาง,1,เมืองฯ,มังกรทอง,1,349,271,291,261,13,12,0,0,11,88,2,20,14,108,7
ลำปาง,1,เมืองฯ,เวียงเหนือ,1,720,472,472,406,13,48,11,1,62,69,5,17,42,188,11
ลำปาง,1,เมืองเชียงใหม่,ทุ่งช้าง,1,84,60,609,512,34,63,0,0,0,144,3,0,0,232,0
ลำปาง,1,เมืองเชียงใหม่,สวนจิ๋ม,1,360,264,264,222,5,37,4,0,31,40,0,6,27,102,12
ลำปาง,1,เมืองไทย,มูลนายพิชชา,1,300,233,233,206,11,16,9,13,10,74,4,7,4,78,12
ลำปาง,1,เม็ด,ม้านเป้า,1,690,517,517,503,14,31,9,12,46,186,6,9,17,172,15
ลำปาง,1,เลื่อง,ปิยะเจียม,1,109,513,513,493,33,47,15,5,18,109,4,16,11,0,14
ลำปาง,1,เลื่องลำปาง,สำเนียงชัย,1,660,459,459,380,22,57,10,1,67,161,5,17,16,145,18
ลำปาง,1,เลื่อน,พระยา,1,236,292,292,243,25,24,11,4,33,40,5,11,16,115,46
ลำปาง,1,ไม่ระบุ,ไม่ระบุ,2,760,760,1240,1380,30,88,14,16,68,93,15,22,42,1090,20
